timestamp,battery_state,temperature,humidity,wind_speed
2023-01-01 00:00:00,0.7859813161496697,19.40926427457289,58.98357879037204,4.652000981034406
2023-01-01 01:00:00,0.8295847939797925,19.433187693629527,69.15105094488123,2.9413668561011916
2023-01-01 02:00:00,0.8595406195249451,26.00870908721725,78.08519737503046,3.9560469258901154
2023-01-01 03:00:00,0.8295920669757589,27.064425837773825,80.72525176335252,1.3471507363452933
2023-01-01 04:00:00,0.9192325232825727,28.82322693248357,66.21870184336466,4.271422302649169
2023-01-01 05:00:00,0.8751160082632276,32.06361934975155,70.61131457911807,4.1303345824465
2023-01-01 06:00:00,0.8859791389977556,31.531650292801856,76.22244011667836,6.567303320575153
2023-01-01 07:00:00,0.7882760429388899,29.930341119197806,78.40184952559032,5.241393553997575
2023-01-01 08:00:00,0.9951105793333112,28.661526839485447,73.6620043262322,5.144771652565733
2023-01-01 09:00:00,0.9042254958185766,25.637901752857015,70.19550177734631,4.693668689039468
2023-01-01 10:00:00,0.9005572056256849,27.343761669956685,71.9755508967526,5.161992833458881
2023-01-01 11:00:00,0.7741618442273194,20.454145523231126,53.80130812093222,5.013132689799594
2023-01-01 12:00:00,0.682295873088978,17.79234557746336,63.471630017213684,2.838069917275711
2023-01-01 13:00:00,0.773501067637686,18.69963645896037,50.279989637843926,5.924673272697754
2023-01-01 14:00:00,0.7206504786550987,13.577841108265899,54.76032993925556,4.827622132918405
2023-01-01 15:00:00,0.7037045133940517,12.8419360968439,41.02462395524745,3.403766622346729
2023-01-01 16:00:00,0.7289525543247357,16.06982606098255,41.7513274124722,6.263153223202402
2023-01-01 17:00:00,0.6217501473678684,13.625630651860448,40.73033051375165,3.045784624166485
2023-01-01 18:00:00,0.6685716371792685,13.141109851003417,47.269113017125015,4.866851795366512
2023-01-01 19:00:00,0.6557673830423016,5.307578468556935,37.396540300308466,3.6785482916770436
2023-01-01 20:00:00,0.6901097913272961,11.666666184850508,40.445102825825614,4.013135180287204
2023-01-01 21:00:00,0.7570822912775426,12.162577900965578,52.36916497637423,0.19594229317660883
2023-01-01 22:00:00,0.7869821192811801,14.407568514020149,47.91461310145274,6.839549803393961
2023-01-01 23:00:00,0.7839464461792197,21.559016833137036,48.926611796575365,9.540204626477276
2023-01-02 00:00:00,0.7826787810935099,22.99237277859912,65.26238539574946,6.848159838113846
2023-01-02 01:00:00,0.7547113335132599,21.368030250417217,61.5471609721857,1.3855593090616414
2023-01-02 02:00:00,0.876782079561836,20.14519368020748,75.11928342307752,6.576918184152345
2023-01-02 03:00:00,0.899076517279007,28.516316273438463,73.17720427085935,3.0357282231519305
2023-01-02 04:00:00,0.9056829268930529,28.858741922028106,77.42800607127894,1.6595245554362026
2023-01-02 05:00:00,0.9643305291402223,35.92714823343076,76.18798841934519,3.89106474502771
2023-01-02 06:00:00,0.8969445532297601,32.766565464977184,79.35347460251747,6.498183625357523
2023-01-02 07:00:00,0.9521036086393833,27.25607813245169,80.01931318370738,3.0161636094270783
2023-01-02 08:00:00,0.9131134408109453,28.86685309312931,77.8271910059082,1.781582993893331
2023-01-02 09:00:00,0.75375781162894,24.528059377952392,68.03014413308644,10.008441147764252
2023-01-02 10:00:00,0.7904052504348192,22.456879465765333,69.07642078142578,3.8829346629404298
2023-01-02 11:00:00,0.9387346231038348,26.63446296647823,67.09885030274805,6.596761289824038
2023-01-02 12:00:00,0.8418071003664436,22.36228435493144,57.133195424502524,9.225200277733908
2023-01-02 13:00:00,0.7911054033185682,16.379665426083882,48.14657902892819,6.702922541678147
2023-01-02 14:00:00,0.7221884096256438,12.368499077037395,51.31020944085402,1.7073201652241723
2023-01-02 15:00:00,0.7092051557748257,13.53037252611527,56.050718523499135,6.601478201562999
2023-01-02 16:00:00,0.7480333788873104,11.385954983903428,40.33207808507653,5.167170038014038
2023-01-02 17:00:00,0.6362632584259665,9.89080069136422,31.0919249135293,9.464429078270738
2023-01-02 18:00:00,0.7118911115049102,10.026032306490402,45.61178765507627,8.239702636141594
2023-01-02 19:00:00,0.6535331849376376,11.394245938716676,38.1924864780012,9.401273424795956
2023-01-02 20:00:00,0.7301025295419987,12.419080526135662,41.46421452222359,4.927147165488873
2023-01-02 21:00:00,0.6814332900153582,13.994804608468202,40.63356467055492,3.6663182738270943
2023-01-02 22:00:00,0.7635442968335944,14.055153932003208,45.94154442490316,7.729851380955083
2023-01-02 23:00:00,0.7410129400837636,14.661566069663063,49.905025099791054,1.4977403251064128
2023-01-03 00:00:00,0.8566099571482669,18.731001103375835,58.303531113308054,4.705557499279253
2023-01-03 01:00:00,0.8257345418733012,26.696872491624738,62.459878410417545,6.415736730685968
2023-01-03 02:00:00,0.7098898533808294,25.30267291608917,69.4860814264811,8.237462700316046
2023-01-03 03:00:00,0.8981954764240929,29.299354107640077,74.86883105844353,3.3517635813459057
2023-01-03 04:00:00,0.9501676290573184,28.48062495720442,73.23637896046628,8.551653423406549
2023-01-03 05:00:00,0.8736426915736983,31.52474315059771,78.8013290197104,6.206252068007125
2023-01-03 06:00:00,0.9307117325659592,29.287339754014393,79.7532214431386,5.84737514811688
2023-01-03 07:00:00,0.9120587019213491,30.653585050154735,74.38851594249728,3.8532335288721837
2023-01-03 08:00:00,0.9192048958179031,32.596129214310885,73.62148269008792,3.0362803124322104
2023-01-03 09:00:00,0.9176543785994565,24.366875957032406,77.25422382732188,4.414305932987567
2023-01-03 10:00:00,0.7661377061227687,26.066766769368314,73.2882508951516,1.8688275746126015
2023-01-03 11:00:00,0.8126768646084856,21.01978443655272,64.43939672664123,4.0841826365143215
2023-01-03 12:00:00,0.812481247771084,17.760500680252886,64.97301538383003,5.106570400535381
2023-01-03 13:00:00,0.7572316927892332,17.18983510730251,50.639599319884375,2.9005963924772966
2023-01-03 14:00:00,0.712202296269721,12.032478921348615,58.91930919872678,3.166773422109963
2023-01-03 15:00:00,0.6551012190565535,9.076887194219655,42.6228755748854,5.273640317917666
2023-01-03 16:00:00,0.6959405991880445,12.116520958009316,41.67739454898616,6.928599846510883
2023-01-03 17:00:00,0.7510881035652711,11.131775384434732,42.326728673632125,6.0934982820906445
2023-01-03 18:00:00,0.7057675197607005,11.526894372910201,40.08371358985093,6.188362080671668
2023-01-03 19:00:00,0.6612271286373574,10.884193715174804,42.412624965433075,6.259140513617581
2023-01-03 20:00:00,0.6921261859509853,8.934278605665263,42.95213210090038,7.896373761268924
2023-01-03 21:00:00,0.7332542934099681,13.9507668809316,46.98642947271464,5.481119346139937
2023-01-03 22:00:00,0.7563986565819909,15.568614911895803,51.09236643530468,6.564726918140357
2023-01-03 23:00:00,0.7954157035404907,18.149873868253433,50.56113987620504,5.2186712467974194
2023-01-04 00:00:00,0.7724340926178566,21.715078014434535,66.21295931571522,7.192612541907433
2023-01-04 01:00:00,0.8558302254459712,24.433743429757165,54.61256304942799,7.074343465481007
2023-01-04 02:00:00,0.8139207645120615,24.23334819821713,62.85153182925194,7.726285876389449
2023-01-04 03:00:00,0.8699078453686832,31.631491529700533,78.61934888814554,3.3816890961573565
2023-01-04 04:00:00,0.9058481932228968,29.90058693096925,77.08533147758155,4.856200731394288
2023-01-04 05:00:00,0.8139448626664189,34.304654890933136,86.94442884426242,3.5443596429943254
2023-01-04 06:00:00,0.8955114130683877,29.501624567095796,81.52785765153939,3.6383440274233845
2023-01-04 07:00:00,0.8680537789195439,29.545586818654826,77.81734975330191,4.599050263530827
2023-01-04 08:00:00,0.9612490789973172,30.291575878864567,77.66406105572209,5.6194107375275
2023-01-04 09:00:00,0.9602261297447091,27.047357981758132,74.85669790504045,2.0918735041046395
2023-01-04 10:00:00,0.8600826525133887,23.162104019326847,68.98345385233782,4.871213153168317
2023-01-04 11:00:00,0.9383310127295518,21.240612833709747,59.109079483947134,0.31302857561480124
2023-01-04 12:00:00,0.7597899026186284,21.063872788952192,63.07178471583902,6.4655480093103
2023-01-04 13:00:00,0.7667888394093476,19.507311812500454,62.11222408831972,5.299217891883498
2023-01-04 14:00:00,0.8302254810186847,15.599620447464178,52.44252224057098,1.8652980671318184
2023-01-04 15:00:00,0.7316622700081109,10.63610417067741,44.28597363612347,4.3950570679210825
2023-01-04 16:00:00,0.8187345966510868,12.805006210972325,40.6832410868021,4.690276387078857
2023-01-04 17:00:00,0.6603395473980345,9.230293083867103,37.13047023324154,6.3200226222240286
2023-01-04 18:00:00,0.714076553744961,11.70194127806542,34.376708851709566,4.914377581987113
2023-01-04 19:00:00,0.6947955968419262,10.420596840540599,42.73926922101797,3.228551374179834
2023-01-04 20:00:00,0.6798725502606868,14.524311134608444,40.06106375189526,5.45826178087273
2023-01-04 21:00:00,0.6774406056663428,13.208381849115316,43.30691025190808,6.697865301133257
2023-01-04 22:00:00,0.7947155323553192,11.727639889887516,55.93276986416777,0.9237199788268944
2023-01-04 23:00:00,0.7903245281024592,17.097580421071484,60.71097215277824,5.184565834712538
2023-01-05 00:00:00,0.7902862563688015,19.38425405929558,56.257654644454156,5.030510271293999
2023-01-05 01:00:00,0.7874464613121651,18.394003295478814,64.47231008034377,3.5141901891560785
2023-01-05 02:00:00,0.8291664655898418,25.13226919458205,69.9068754912398,6.786270229578557
2023-01-05 03:00:00,0.9383685010893456,29.612882772939802,70.31330141311068,5.986184892426548
2023-01-05 04:00:00,0.9036990200543301,32.786860113840646,84.46527250387318,4.3475475929634
2023-01-05 05:00:00,0.9116994958142765,33.63677530102008,91.77314748916501,6.334445389114108
2023-01-05 06:00:00,0.8099790868881002,30.99762022403541,75.29538741511112,6.760724046775939
2023-01-05 07:00:00,0.8771832548846361,33.33939040674909,87.41541490988996,4.524414853038096
2023-01-05 08:00:00,0.9401417898566615,27.83256961776596,73.81747907859138,5.654357164234888
2023-01-05 09:00:00,0.829163101087949,21.27944535531607,70.22060671228502,3.767719598841853
2023-01-05 10:00:00,0.8338203266413886,21.794206443534563,72.76121896247108,3.6942763048640934
2023-01-05 11:00:00,0.867480252811401,25.272581936202243,63.779146763784425,2.6141328513233035
2023-01-05 12:00:00,0.7980943327975872,17.3285117554828,60.644141240099756,1.4618604168833635
2023-01-05 13:00:00,0.7575807829126973,20.561813318189962,52.12661201898652,6.603339908296157
2023-01-05 14:00:00,0.6741041007448999,12.584446620919515,58.475068543242365,3.3805864243272765
2023-01-05 15:00:00,0.6662825655661122,12.465302869022814,43.24179463494962,6.69334138992078
2023-01-05 16:00:00,0.8252028016528917,13.453898159392647,52.91955963060365,2.8448230249575666
2023-01-05 17:00:00,0.6959752609667628,12.746332797467598,39.720987162221135,1.5652281965482455
2023-01-05 18:00:00,0.6598956311848387,11.042389012821127,37.40201920957777,6.8953304597906975
2023-01-05 19:00:00,0.7727866362774469,5.420479626838504,37.39286876387177,4.620445890636878
2023-01-05 20:00:00,0.664863636905882,7.843554063955884,36.82865555999773,3.6077498800936305
2023-01-05 21:00:00,0.6792487069158988,14.350294847833588,43.162068133549624,5.465917806754996
2023-01-05 22:00:00,0.793496950370506,16.51425409212228,47.57953570014965,2.1215047214607683
2023-01-05 23:00:00,0.7803457654507882,16.789631337625465,57.244842625364996,3.110906297950841
2023-01-06 00:00:00,0.8817009046090392,18.763071867969924,57.30392309480738,2.5656577364862003
2023-01-06 01:00:00,0.7187820642876199,21.344171852064985,60.83891636399335,4.15283158446004
2023-01-06 02:00:00,0.833014372451967,24.144907283133218,70.78800429882064,7.809827471517618
2023-01-06 03:00:00,0.8748393999917352,25.22747313652757,71.77062532169847,3.953323754930864
2023-01-06 04:00:00,0.9439738771655757,28.278701619438944,70.92676711591146,7.0271523339369395
2023-01-06 05:00:00,0.905195077437722,28.01537039936728,86.99221531942274,5.759160072967643
2023-01-06 06:00:00,0.9025914997984442,30.830189500089034,86.0193689659301,6.213386286107724
2023-01-06 07:00:00,0.8466972901716634,29.7261303465467,83.3705816593133,6.314158351420015
2023-01-06 08:00:00,0.9515162208799968,28.123473206621995,73.37370686552642,5.905594526804354
2023-01-06 09:00:00,0.7872618914263515,26.56423725006089,77.40060795815765,0.9550356155532018
2023-01-06 10:00:00,0.8030626397010645,27.386350367820818,61.056213968848176,7.365648854891303
2023-01-06 11:00:00,0.7638458572979884,24.995418730694716,64.25815514055935,7.304388251339554
2023-01-06 12:00:00,0.7667885943449814,21.24040945525071,52.07602510169258,2.7373469282473857
2023-01-06 13:00:00,0.7796275259421421,16.955340158449413,50.7070726528326,6.483100302989133
2023-01-06 14:00:00,0.7381857463162178,16.607831225128177,51.361243862535915,2.3093137740782184
2023-01-06 15:00:00,0.7597741368074584,11.743344740696648,52.29420984926991,7.548579546176595
2023-01-06 16:00:00,0.7045065065312925,8.64398344762,39.74402953112281,1.7029761168887756
2023-01-06 17:00:00,0.7126203331854553,13.97345544817335,38.449558875851174,8.457269451799997
2023-01-06 18:00:00,0.6308929895340551,12.039006976169315,30.39211007373563,3.9012793164836914
2023-01-06 19:00:00,0.6646646914361561,11.206463146198645,40.25920210112321,6.690555340437973
2023-01-06 20:00:00,0.7346954533986486,13.407342688690557,42.131241089511036,4.237455455441539
2023-01-06 21:00:00,0.7513575894879067,12.5751022898104,49.74979385020829,4.241208194136472
2023-01-06 22:00:00,0.6963706750288902,17.49924388639302,41.22354720308253,1.3916940969055607
2023-01-06 23:00:00,0.7505641729495119,14.100835967967845,52.737682253810696,4.559046452934222
2023-01-07 00:00:00,0.8786897943556534,17.532992452785987,50.84128930458843,8.914603684277967
2023-01-07 01:00:00,0.8113258834344099,23.57872749170579,58.36641513945539,4.3068162082195105
2023-01-07 02:00:00,0.8560930922038265,25.696503244277242,63.23871087394183,4.521459098548309
2023-01-07 03:00:00,0.881853403362094,27.088035079869144,76.92362203051565,2.0718214278675973
2023-01-07 04:00:00,0.9734426760435236,30.906696901900148,77.43508171491878,7.208374303107367
2023-01-07 05:00:00,0.951760151953702,26.931677990685913,83.76097333935188,3.403348696342717
2023-01-07 06:00:00,0.9421435349050103,30.272136067910736,84.61489964818107,2.745378289624041
2023-01-07 07:00:00,0.8877090054034154,27.49513352503406,72.63096778779612,6.185534349181206
2023-01-07 08:00:00,0.8786065178374398,28.62455488760224,80.83337017573355,5.66247698822823
2023-01-07 09:00:00,0.9427344003840155,27.002893596791857,79.26618662893165,2.0427108636275313
2023-01-07 10:00:00,0.8408479201313733,25.47607505029947,72.26158514307483,4.224097821506115
2023-01-07 11:00:00,0.9468264361756585,17.70997866191268,58.505948902804406,3.8815571103393287
2023-01-07 12:00:00,0.7227266283726556,14.252156081202292,50.51931758470963,5.14197609934499
2023-01-07 13:00:00,0.8224428474799884,19.548255828865496,61.8099533041643,8.381399114477567
2023-01-07 14:00:00,0.8334228536017547,15.889936543407618,51.73046373992855,4.80824202181506
2023-01-07 15:00:00,0.6561449566322732,13.148428086380045,34.96214492922632,5.633117086911318
2023-01-07 16:00:00,0.6751963179083809,13.192564561289819,41.5286702221882,2.56316016989248
2023-01-07 17:00:00,0.7222903198161186,11.321185408066778,39.70520223377768,3.9617976179220067
2023-01-07 18:00:00,0.7100636971460607,5.052570792955888,44.85335305919529,6.298510687021957
2023-01-07 19:00:00,0.7206821862320147,12.638605828844401,42.75374561855819,0.3652750843001682
2023-01-07 20:00:00,0.7046264269675361,13.939543852538511,40.78035627126081,4.306027200498693
2023-01-07 21:00:00,0.6709616924532548,13.625052321967603,48.01071612862565,5.760944318720184
2023-01-07 22:00:00,0.7477618245075819,16.195151594926173,48.42935286360475,1.8382681585550356
2023-01-07 23:00:00,0.7527602487845563,21.400428831604174,56.977619005249586,2.9372726605723214
2023-01-08 00:00:00,0.8309398604201723,18.701807901514204,52.83168138441564,4.769389478145223
2023-01-08 01:00:00,0.7980415826493341,20.041034693992085,58.41491523092243,4.520935696749153
2023-01-08 02:00:00,0.8212671461979963,24.296855599366875,71.99579577885066,8.43911130678844
2023-01-08 03:00:00,0.8831638016936505,27.40795308432467,70.29024390950993,7.083695286154893
2023-01-08 04:00:00,0.8078784506185325,23.243805541735647,78.43505360982498,9.930333404881665
2023-01-08 05:00:00,0.8665360607365862,32.314175363290445,79.39920981154255,4.830033768985355
2023-01-08 06:00:00,0.9590809206162825,29.282654991581126,82.76084678713046,4.898496199924449
2023-01-08 07:00:00,0.7726993244781917,31.361410416173904,83.12889057944015,4.970733937814314
2023-01-08 08:00:00,0.8797664277306553,29.076155978344488,76.4458975444869,4.366083038031572
2023-01-08 09:00:00,0.8591023844578349,25.71807887658488,84.59672330013052,5.370614365567471
2023-01-08 10:00:00,0.9620377706397328,24.919087452404796,77.76476876952013,4.947640307301438
2023-01-08 11:00:00,0.8365106496255682,19.85924268762228,69.3296430887026,7.499328776732183
2023-01-08 12:00:00,0.825758444098945,19.164516812490398,56.65769665221042,2.688368490585755
2023-01-08 13:00:00,0.7771880425511853,19.881027009354234,63.25364866881096,4.9762780854022
2023-01-08 14:00:00,0.7474505757063189,18.111446797140406,57.01162702151733,3.4039478741507594
2023-01-08 15:00:00,0.7800181964872539,13.037659035179182,43.92127024580622,4.248930128070968
2023-01-08 16:00:00,0.7703536972569679,8.698680883094129,52.443046540973704,4.390610579911305
2023-01-08 17:00:00,0.6384155811874505,13.537852844362707,38.35213503948669,4.166572064986705
2023-01-08 18:00:00,0.675782731912245,13.244203860453306,43.09428790182188,5.9416707455819955
2023-01-08 19:00:00,0.7763771207143343,11.364217825996288,35.582419901166865,5.708657128897809
2023-01-08 20:00:00,0.7114355912068845,15.96962667073569,53.09897880590345,3.84820572488956
2023-01-08 21:00:00,0.811711427726045,11.527195405402189,42.46828997805773,8.57039131387008
2023-01-08 22:00:00,0.7675398339106461,16.234740826428293,43.4966419415662,5.303452184981955
2023-01-08 23:00:00,0.8329490710999451,17.961145997011563,61.630333334935784,5.622440904768008
2023-01-09 00:00:00,0.7689303074988552,16.21987496280015,59.76535304220298,7.533605069050435
2023-01-09 01:00:00,0.7834986037821262,18.27842191405436,67.03711523121397,6.434310661370047
2023-01-09 02:00:00,0.777028523764508,24.33233285426366,62.24148642422405,5.583857074325481
2023-01-09 03:00:00,0.9531974425194933,28.599158365973413,72.98498966967418,4.520020800808551
2023-01-09 04:00:00,0.9275177942689387,27.316102614625525,72.08308965523234,6.238051922202883
2023-01-09 05:00:00,0.8697846590148378,27.422663314514036,81.12150567167143,3.5954237934671625
2023-01-09 06:00:00,0.8560621464696563,31.7425725960657,94.61151020905203,6.322120301768897
2023-01-09 07:00:00,0.8878666235893444,28.795806915393747,89.20350302522378,5.012901632451164
2023-01-09 08:00:00,0.9115403038937953,29.340269192567515,75.36355038848274,5.758967441433192
2023-01-09 09:00:00,0.8880609810734265,24.599304393396885,75.13831452876416,5.441944811385964
2023-01-09 10:00:00,0.7990628664366047,25.62402092431742,71.46633518488566,4.227417930735861
2023-01-09 11:00:00,0.9087971723183705,21.94445619215396,58.23273650032772,3.73493298531299
2023-01-09 12:00:00,0.706752353860309,17.68735624875525,58.97807717637104,5.575945331863465
2023-01-09 13:00:00,0.866813514316177,16.006765990050987,58.17849589376898,4.116928586286516
2023-01-09 14:00:00,0.820466203870611,16.43019792529434,38.44785326169711,3.6321659597651736
2023-01-09 15:00:00,0.8423740638336334,12.695647330181915,53.42603503693625,6.002268627219808
2023-01-09 16:00:00,0.6891839295638327,13.041310774425163,37.9151131590837,5.285674208322118
2023-01-09 17:00:00,0.6286265732475247,8.410753431374001,47.7480804184488,7.048322165326917
2023-01-09 18:00:00,0.6406598642348617,13.198732972810607,40.85580290565682,4.222987131343399
2023-01-09 19:00:00,0.6842446149111252,12.145666689653302,35.80239854467709,3.8683883778233032
2023-01-09 20:00:00,0.7244129280389214,11.968844034106409,38.90994603514671,6.8261846703205356
2023-01-09 21:00:00,0.6469461594726429,11.585819091558369,39.27012520041756,1.762981737823865
2023-01-09 22:00:00,0.7694318387579828,13.849822098482111,44.659330022597366,3.865994110922217
2023-01-09 23:00:00,0.8224491018177251,15.81670962928494,53.91318292159595,5.302993248132877
2023-01-10 00:00:00,0.7934367752824274,19.8088497601208,59.755874704418744,4.554562076859556
2023-01-10 01:00:00,0.8392871226834946,23.923002990461487,68.57774101515537,6.2204149876364205
2023-01-10 02:00:00,0.8845243072857921,23.879948156871173,65.9975194192361,1.667908854661409
2023-01-10 03:00:00,0.810550727569926,25.331182687973296,77.44036463258331,2.7815024347978023
2023-01-10 04:00:00,0.8301476053596608,31.469873212718785,80.63165016336819,6.713128781716855
2023-01-10 05:00:00,0.7927225059179435,30.157711560524543,71.72838750761095,1.9998931063081749
2023-01-10 06:00:00,0.8399154799703614,31.438329984085076,82.51559177433055,3.9999616121251202
2023-01-10 07:00:00,0.9218871993534431,30.603627500102867,80.35867538592773,3.4451714751991407
2023-01-10 08:00:00,0.811268312184097,27.072694642424533,77.25045264558312,4.409016568292033
2023-01-10 09:00:00,0.8977047775454975,26.75465943555573,76.41780758177931,5.908922107874013
2023-01-10 10:00:00,0.8366620328752439,23.648000284309457,72.1707035472908,5.106440581539713
2023-01-10 11:00:00,0.8202135521423294,22.63881545424404,54.94803563307812,7.941822479360205
2023-01-10 12:00:00,0.738826869802935,20.689876182911195,66.88081536539391,3.475430489564796
2023-01-10 13:00:00,0.8613065399440489,12.466124917561157,56.496906803499016,2.7843113756643416
2023-01-10 14:00:00,0.7701836070392886,16.841919297784525,48.854621756706266,3.8161872676969706
2023-01-10 15:00:00,0.6983189458618021,14.412857809582295,50.155273443092625,3.1130702196273585
2023-01-10 16:00:00,0.7581604453142154,11.353842825153155,46.72920465134558,5.175520985746451
2023-01-10 17:00:00,0.6651539633777909,9.43772869426374,40.6882975880143,7.846246769492725
2023-01-10 18:00:00,0.6709559333924758,9.533109386432015,36.66415665069902,5.084138999359097
2023-01-10 19:00:00,0.7619713975468244,16.142846084345393,30.283552134091973,4.752958078552824
2023-01-10 20:00:00,0.6888162110428785,8.956788568112252,41.093064190472575,2.7592457475769687
2023-01-10 21:00:00,0.7379695552884966,10.922590004109272,54.33885117155981,5.8626539233012505
2023-01-10 22:00:00,0.7683370173141627,12.733543582574722,48.98509345863152,8.270463458217186
2023-01-10 23:00:00,0.7947143208532091,15.508989405805199,53.4393685100831,7.472069853862626
2023-01-11 00:00:00,0.8139128171411053,22.737790753586758,61.7432228085821,6.891370600800126
2023-01-11 01:00:00,0.8588434216827296,25.86121221501906,60.37519367610587,5.669964556751265
2023-01-11 02:00:00,0.8867751365269312,24.491406731731484,74.29738836872691,4.19145375967091
2023-01-11 03:00:00,0.966193193748913,25.995454541384117,74.64516866181877,5.516883885029668
2023-01-11 04:00:00,0.890595128550668,30.134991472281442,77.46650364016581,3.3835686785153163
2023-01-11 05:00:00,0.8500089427371768,27.737209638901863,77.12083089745316,7.436942789971058
2023-01-11 06:00:00,0.8574650762264555,29.733226348596705,83.66703145083434,3.5932055989143152
2023-01-11 07:00:00,0.8724294416195582,29.107651540102694,76.13223169947437,4.956628777577507
2023-01-11 08:00:00,0.9410527746152766,32.59297996468294,78.59093226555385,6.021303210835353
2023-01-11 09:00:00,0.8966852946789383,27.534987499054107,71.72779048554789,6.745797601400998
2023-01-11 10:00:00,0.8306230920724477,26.633061531712485,70.1386663046357,8.965356198393724
2023-01-11 11:00:00,0.8792390425824561,19.298583927646387,63.916389821862275,4.262995683422139
2023-01-11 12:00:00,0.8690637971806205,20.38707384134117,67.16549103583223,6.897741272280389
2023-01-11 13:00:00,0.7151453733537603,17.500905270317496,55.26741531529393,5.162338935795282
2023-01-11 14:00:00,0.7550814366659487,12.033227639293793,43.689262265433854,6.670856200978556
2023-01-11 15:00:00,0.8340246253838828,13.615742272677437,48.60169438795265,7.489309015900075
2023-01-11 16:00:00,0.6723843817761754,10.532254335433976,45.13328657282182,7.850092993211489
2023-01-11 17:00:00,0.6889701793765508,6.6386945182871315,39.6974933734316,3.2313787420919793
2023-01-11 18:00:00,0.7730435090188637,10.971757248593697,40.64831959829055,4.3293740967005165
2023-01-11 19:00:00,0.659867114505976,6.935866514876918,48.94032202480945,6.89061269304393
2023-01-11 20:00:00,0.7496415212605475,7.030442370838117,43.711571518907704,6.729228306969171
2023-01-11 21:00:00,0.7317304117426495,12.133105423363805,45.35474301127473,2.1257080443362897
2023-01-11 22:00:00,0.780736307479488,19.528621583931045,57.404390330216245,3.784505326752493
2023-01-11 23:00:00,0.7811642885016085,17.16211925539501,50.007516596523715,7.188498914691991
2023-01-12 00:00:00,0.7700292657092858,22.915394545697918,59.18424141943027,0.5569574441113092
2023-01-12 01:00:00,0.779340340845116,24.623704438024898,67.18123303152768,5.218672692545926
2023-01-12 02:00:00,0.9485770548918528,22.286453711805756,71.23810519016084,4.47691283681889
2023-01-12 03:00:00,0.8838947919653267,27.060453853478798,69.96007556794834,3.821543628262588
2023-01-12 04:00:00,0.8147812540744488,27.477429468766676,87.83405017429233,5.2576826946568005
2023-01-12 05:00:00,0.9523133800452367,31.572166986267405,92.10445992976578,3.9760673875220167
2023-01-12 06:00:00,0.9376183105999071,26.450459086987387,78.13031655706583,7.547671736862715
2023-01-12 07:00:00,0.9596332210029885,29.55565962145069,86.09903522108966,4.5577145078019266
2023-01-12 08:00:00,0.7732660090026733,29.156369877355232,79.27746843506313,5.843620045049447
2023-01-12 09:00:00,0.8921516281319195,26.12684218224316,71.46318031687156,5.548891464652865
2023-01-12 10:00:00,0.8537990856834159,21.786728235503052,75.56076220227202,4.061655116427429
2023-01-12 11:00:00,0.891021341948098,21.21289352819274,61.69391593475021,7.338465353343427
2023-01-12 12:00:00,0.7542594892241387,17.804009816770368,55.74614703184653,2.5317251727552916
2023-01-12 13:00:00,0.7892909556957466,17.792540382796,65.56052984946149,5.123332076158085
2023-01-12 14:00:00,0.7768702206515713,14.154026661649395,50.520885895687215,7.90839445269131
2023-01-12 15:00:00,0.7657977736232158,12.172020882302164,40.53096634457173,9.191556101540051
2023-01-12 16:00:00,0.7622394575221785,10.613345963159098,46.28814519546799,4.6567311507449585
2023-01-12 17:00:00,0.6328564684639031,8.639787203770029,37.179635456365965,7.086427395992343
2023-01-12 18:00:00,0.6931407760741733,8.928151875299303,39.169688510975874,0.40333643825636223
2023-01-12 19:00:00,0.6376950139616031,11.05576583293333,44.45023873173255,6.184798816222499
2023-01-12 20:00:00,0.7233075233718551,10.69950823100741,27.82199646433793,2.4773244734364135
2023-01-12 21:00:00,0.7251380776450156,12.81435582792043,51.73094100916133,8.688992381557734
2023-01-12 22:00:00,0.6680337383550121,13.093755525200159,49.602311595037584,2.7900017922010862
2023-01-12 23:00:00,0.7128603730397511,19.532227032609583,56.93458292826383,4.6193146893642005
2023-01-13 00:00:00,0.832977851804388,19.23679531773815,57.172314439807245,0.15505064604257424
2023-01-13 01:00:00,0.8363197941882877,22.864606305594165,67.41221663523686,3.82380078469944
2023-01-13 02:00:00,0.8053089243980318,24.80124773836745,69.05486658961169,2.7294587956737706
2023-01-13 03:00:00,0.8870116057511714,27.354418434711995,75.9558267503817,3.2200737143992013
2023-01-13 04:00:00,0.8175509435102309,24.800961526096486,70.52930977514464,3.5507983588731147
2023-01-13 05:00:00,0.8904640016482145,30.793732067465914,75.18585151288106,4.587835208953312
2023-01-13 06:00:00,0.9205812105502448,30.294439826897943,70.3243271493335,3.877243436367285
2023-01-13 07:00:00,0.8143311220752976,29.837144391117484,73.50152866015621,3.971693064143323
2023-01-13 08:00:00,0.9491824246518231,27.44154495125808,76.13693691591794,3.559187898611417
2023-01-13 09:00:00,0.8661655651408019,26.717823543353504,82.4484165072596,4.437648271715007
2023-01-13 10:00:00,0.9053559093506764,27.53187556017758,65.53357754161438,4.285947746645201
2023-01-13 11:00:00,0.8136414026211242,21.82916794218338,63.06745874433014,4.935334942787996
2023-01-13 12:00:00,0.7805693658840622,15.546377035534995,63.144296301002015,5.437990415216908
2023-01-13 13:00:00,0.6852052479147824,14.556930602129157,54.08056386839076,4.738928823630606
2023-01-13 14:00:00,0.7957381367544781,13.785540646249752,50.456680145415014,5.250611908662436
2023-01-13 15:00:00,0.7456388696473719,12.177204417983027,42.4788716045965,5.895258525112313
2023-01-13 16:00:00,0.7038445365928054,10.823958102796194,49.07088419448179,4.9772205378065735
2023-01-13 17:00:00,0.6996641267118533,8.569881407627447,33.991144002644916,4.865069945287162
2023-01-13 18:00:00,0.7346332915960014,9.538887128948467,46.47936472577211,5.066197253402144
2023-01-13 19:00:00,0.6611119358501896,12.09619719532307,46.44652175760298,8.671132793317922
2023-01-13 20:00:00,0.6868985138532753,9.594364837676263,37.33457661776586,5.438162943715599
2023-01-13 21:00:00,0.7823938274705109,12.78303661886587,53.42206883692743,6.189010942825512
2023-01-13 22:00:00,0.8008217572518428,17.45585935407013,43.832279159136675,6.927761828593093
2023-01-13 23:00:00,0.7443212921522409,13.975672818853988,54.09035113651617,5.166299829615922
2023-01-14 00:00:00,0.8019975488261076,20.83981385060847,62.92464817193155,4.338339064813296
2023-01-14 01:00:00,0.7822193462823523,24.02536048741873,65.5480902287814,5.433837564380524
2023-01-14 02:00:00,0.8740085090349067,28.632644096699458,71.82644723947433,6.568147912261801
2023-01-14 03:00:00,0.831153333647411,28.551746751709963,71.62527407614027,7.463343126771343
2023-01-14 04:00:00,0.9441824545433084,30.56389857368132,84.09954336274058,4.383125852286542
2023-01-14 05:00:00,0.9256017981113003,30.099577296213575,84.40539178433121,5.946345639836217
2023-01-14 06:00:00,0.9264482575732037,27.797223041364372,78.78416166112737,6.959790929508328
2023-01-14 07:00:00,0.9063695814392142,27.731377608273355,72.75706930472634,2.625227888189154
2023-01-14 08:00:00,0.8172435496263488,26.7329043798458,78.93816120577375,6.113764993179313
2023-01-14 09:00:00,0.8232532995923513,28.0144330960336,70.80713438162257,4.748469173257074
2023-01-14 10:00:00,0.8724128097372605,24.290267779416418,59.69420267749054,3.392069595878062
2023-01-14 11:00:00,0.858316156826495,23.463873530663083,64.77017130593084,4.657807722234605
2023-01-14 12:00:00,0.8038987198577769,18.588329739259265,59.73045007561585,5.177709201495858
2023-01-14 13:00:00,0.7623137685883192,16.33312577493999,56.70468049976771,8.379677646602858
2023-01-14 14:00:00,0.758909095195538,15.938126239383658,43.746351560076754,2.258907219019255
2023-01-14 15:00:00,0.6964713479911319,11.074756784255682,46.04455046633409,3.251399566323819
2023-01-14 16:00:00,0.8040364176377572,12.952914218712323,41.61783043374094,3.833783889523196
2023-01-14 17:00:00,0.7111945278873705,12.15541932280565,42.85403532834424,6.02701970219771
2023-01-14 18:00:00,0.7484513529266318,7.578590747350921,41.62058543992754,1.2595429021814786
2023-01-14 19:00:00,0.6474462647123612,10.849517679528144,39.000522454322464,5.9507097141273695
2023-01-14 20:00:00,0.7158412648890349,12.641342128543084,42.371988402896,3.4911254674531746
2023-01-14 21:00:00,0.830342414541805,13.835552098474214,43.091402758038676,5.821112201358686
2023-01-14 22:00:00,0.701807668610524,15.422931598460554,56.436848504477155,3.8892511592064145
2023-01-14 23:00:00,0.7094634421053597,14.02768797123494,59.661976470598674,5.122324196952471
2023-01-15 00:00:00,0.7786386639765491,20.166722427891667,74.60972438242389,7.626681607000327
2023-01-15 01:00:00,0.8787630661921719,20.514287738434927,56.88595943961735,5.682031592077488
2023-01-15 02:00:00,0.8864093854925035,25.7999452917484,65.74741531338717,4.687905416246252
2023-01-15 03:00:00,0.8674001471902342,27.581279308651435,71.41087451861377,5.011090200721475
2023-01-15 04:00:00,0.8809798474853586,27.49674662958261,77.399560085778,3.67968465390786
2023-01-15 05:00:00,0.8648626363152516,31.466999788163825,81.85215361231018,5.702377522376144
2023-01-15 06:00:00,0.8241133428953944,31.09834289426869,83.5652476052277,5.744934681705783
2023-01-15 07:00:00,0.8533841137120342,27.587228645956472,71.25616164796166,0.5070857215594495
2023-01-15 08:00:00,0.9345255321741718,26.51509161171095,90.08345008216716,3.891627471107337
2023-01-15 09:00:00,0.8626718812996484,28.875840001732023,67.5052055759115,5.779206861129036
2023-01-15 10:00:00,0.8601226098440824,23.877372154341224,77.77745308107387,2.3915771638098837
2023-01-15 11:00:00,0.8702972477952884,20.85530350639313,63.44233322816929,4.698112441345073
2023-01-15 12:00:00,0.8934749982538757,18.836886958352736,58.85064271038163,4.00536669003427
2023-01-15 13:00:00,0.749312729605626,18.137131630349145,48.317948389418504,4.957370397921722
2023-01-15 14:00:00,0.760926743293339,18.51692992262552,45.421004091428294,2.3760123596959644
2023-01-15 15:00:00,0.7531446590108011,13.916564033593929,49.429148502962576,6.616749886104416
2023-01-15 16:00:00,0.7168227192134362,12.203236369378082,32.461326013380415,10.842963307401769
2023-01-15 17:00:00,0.6524381751502141,8.779956048112592,45.871743419727515,4.77474433530213
2023-01-15 18:00:00,0.6610606223062147,10.880371128697078,38.77230776107055,3.4735223616229396
2023-01-15 19:00:00,0.6650760910497813,11.589640599367272,46.86899677184857,4.587225395794319
2023-01-15 20:00:00,0.6820645681631299,13.422866558744746,39.025082467026124,7.29786844470094
2023-01-15 21:00:00,0.8148446825561342,15.815587990611519,40.250567103060064,3.2545701400735276
2023-01-15 22:00:00,0.8146869870197784,17.297063067948518,43.967815721435755,9.150541273614337
2023-01-15 23:00:00,0.7276489626774403,15.895087076143447,50.34682377937559,5.621172273906429
2023-01-16 00:00:00,0.8788362868527605,17.294007335699753,68.41736437364156,9.112801984381335
2023-01-16 01:00:00,0.7333257801562671,20.067407564312752,67.40414304628516,4.619991157920007
2023-01-16 02:00:00,0.8750413487052642,24.475741400129632,70.98141539211196,6.3088529707237155
2023-01-16 03:00:00,0.8590005460305719,26.576840146279725,65.65857368649543,7.905026228441384
2023-01-16 04:00:00,0.9343707389508555,26.639816246590104,87.92335914784223,4.060078124690999
2023-01-16 05:00:00,0.8947060527581004,31.130917842413346,74.81159505832913,8.068216058218468
2023-01-16 06:00:00,0.9204623386669372,24.037830738871868,70.47207293676728,3.9137697650445205
2023-01-16 07:00:00,0.9054539641324169,29.687021548911737,74.77104429207223,5.490302345966992
2023-01-16 08:00:00,0.879134120000982,28.641211161642055,78.00137072122654,6.310604312837959
2023-01-16 09:00:00,0.864625772417234,29.001453548801376,80.73103915837241,3.4838145447659272
2023-01-16 10:00:00,0.9096991006124961,27.90283423994932,59.1420248332669,4.624175843958318
2023-01-16 11:00:00,0.8296836066190727,22.43308932031858,65.2679050181142,3.7699172586746545
2023-01-16 12:00:00,0.8246633471665312,19.978122053897632,50.93230719759148,3.6497871640121096
2023-01-16 13:00:00,0.7394199819119374,16.965234269466052,61.03308101949496,3.6420884723627376
2023-01-16 14:00:00,0.8071476032483278,13.950238964938388,51.804096484836606,6.445490902478864
2023-01-16 15:00:00,0.6487543665583734,14.438654848767486,45.53224430730876,4.3658578863322
2023-01-16 16:00:00,0.6730862320315762,12.36290936397726,43.95921342957678,9.819523098844826
2023-01-16 17:00:00,0.6545564380953497,13.07553140628167,50.425741401483336,6.766431485041048
2023-01-16 18:00:00,0.7574483637099504,6.7663384913303695,40.12057931817721,4.91541009227196
2023-01-16 19:00:00,0.6639396692343051,11.25691889728729,36.81512704603065,0.8191474957556615
2023-01-16 20:00:00,0.7432151152642887,12.703402644132638,46.575530963753465,6.321034609808315
2023-01-16 21:00:00,0.8164909143854464,13.199751192505609,43.096694956327504,2.223080913648432
2023-01-16 22:00:00,0.8131096431467986,14.677205388754688,50.38139812181123,2.9858740313690477
2023-01-16 23:00:00,0.8407350103350069,14.111600938674478,50.006280312455516,6.047330884043987
2023-01-17 00:00:00,0.8295130048193466,18.28336792878502,58.51518790306982,5.6900076525887755
2023-01-17 01:00:00,0.7465556057707765,25.164105364124097,69.5324557721835,5.841832650884589
2023-01-17 02:00:00,0.8723512023538061,23.810633370342735,79.31221634678867,5.40430777229336
2023-01-17 03:00:00,0.9222998434336417,24.627042290673987,80.95954071765594,3.1821193254903983
2023-01-17 04:00:00,0.865920908292169,27.959634674305025,73.01804579340825,7.685405297156581
2023-01-17 05:00:00,0.8600098007730756,29.987180124653868,65.88962158148624,4.934734731926427
2023-01-17 06:00:00,0.9111490645125069,30.257805655108264,80.15127307272034,3.4582513799174146
2023-01-17 07:00:00,0.8637202572791518,30.7124270957743,76.81983925939501,5.447057718235139
2023-01-17 08:00:00,0.9200219040001058,28.064051093146748,80.46932645911676,3.484555898446578
2023-01-17 09:00:00,0.7977841475313008,27.629193576068023,77.94157998618027,5.155765290105119
2023-01-17 10:00:00,0.8466446507343757,27.257471734439665,70.43529151004834,4.3955668802101275
2023-01-17 11:00:00,0.8875865522742153,22.098581938408014,60.65160188382975,1.1796328579155841
2023-01-17 12:00:00,0.8730934108858147,22.242745547545244,55.245701263973814,4.1933146765114
2023-01-17 13:00:00,0.8279646442094376,18.6751953275508,50.492232502945555,2.046630688758007
2023-01-17 14:00:00,0.684292644659368,13.33689549127212,39.181141010338166,4.372156790600601
2023-01-17 15:00:00,0.7729008786098499,16.970808350609516,50.2335891124292,5.93893664582756
2023-01-17 16:00:00,0.7518149059092523,9.484747346167703,45.56353158530892,10.02351012621024
2023-01-17 17:00:00,0.6634625634689542,13.191071476378148,46.42102529779088,5.525921318567124
2023-01-17 18:00:00,0.5972584046426852,10.273683523442386,52.921705647636045,6.409889415863285
2023-01-17 19:00:00,0.6569006817023164,9.878463119214219,48.07527885156773,6.025481940893034
2023-01-17 20:00:00,0.6727694440567857,12.513477975332583,44.18351101648552,5.921572986706303
2023-01-17 21:00:00,0.6504545877987397,15.417384328192181,51.75541782832193,2.3860883676549376
2023-01-17 22:00:00,0.7363824388087147,20.970450860992475,45.717935979823245,5.110344952354612
2023-01-17 23:00:00,0.7903284658119197,19.2334582625664,52.599714569308006,5.983564382252077
2023-01-18 00:00:00,0.7211710508939789,17.697074502843055,57.21879723241947,4.7029199095123975
2023-01-18 01:00:00,0.827765800622875,24.262471549870682,62.17035693646183,4.392821762222877
2023-01-18 02:00:00,0.8382959454219949,24.617889026113417,71.79165007558458,3.38592946357633
2023-01-18 03:00:00,0.901434623700478,29.403248083365455,67.76687262988413,6.679657916372141
2023-01-18 04:00:00,0.9880441265258855,29.681352104809033,71.91042875284839,3.3087507199215853
2023-01-18 05:00:00,0.7706919014163105,28.407185626892687,84.82772624583215,4.9388882362796025
2023-01-18 06:00:00,0.8322934808831294,31.27376241435512,76.33219957999876,4.343577860362547
2023-01-18 07:00:00,0.9091640285532252,24.09012163038429,85.85971101843828,6.858190739905908
2023-01-18 08:00:00,0.9105961021944067,24.11054197436295,78.16426631583803,5.160634650314845
2023-01-18 09:00:00,0.8266846796378415,27.204698811055614,66.9759748157242,6.072168435781522
2023-01-18 10:00:00,0.8519957316829311,26.026276447226962,70.35660124793887,4.08232443401193
2023-01-18 11:00:00,0.924499390287675,21.8950598637778,76.89296005207044,4.394927758238888
2023-01-18 12:00:00,0.8033128048960017,16.022067590307245,53.694202021151824,0.6184234782441171
2023-01-18 13:00:00,0.6873069590566692,21.653307979198946,58.95149475633711,5.271550217847336
2023-01-18 14:00:00,0.7321788815425537,17.032932528883496,44.746601871048306,6.955949449030282
2023-01-18 15:00:00,0.6921541195817793,10.618449785296477,51.88700502022315,3.454046359234667
2023-01-18 16:00:00,0.7413901218175084,8.98855348598266,39.815027310178756,5.640708182845807
2023-01-18 17:00:00,0.6740334021608587,7.062539771790368,39.54538952253553,3.7807691383089352
2023-01-18 18:00:00,0.7207818743285925,9.780269693169418,37.13689655456621,6.404935827729216
2023-01-18 19:00:00,0.6674461303654574,12.958702217398292,36.70033638029757,3.881077335285477
2023-01-18 20:00:00,0.7121843286242279,9.957967704109391,45.06205085448216,4.15739492752723
2023-01-18 21:00:00,0.6763615191171918,14.14412209666676,50.08598585780448,2.720052414765517
2023-01-18 22:00:00,0.6570446752813279,15.919779634497155,50.3021877358378,4.057351362160358
2023-01-18 23:00:00,0.8290581978762578,16.811237698779333,54.46509207582089,0.05912185682474469
2023-01-19 00:00:00,0.8549868775270599,18.18518890948041,62.01626280852733,6.780168024285045
2023-01-19 01:00:00,0.6940794027361002,19.035661930176214,64.00834523721103,4.92223932524042
2023-01-19 02:00:00,0.839175591400081,24.634804350128675,73.3010977639112,9.342058113659649
2023-01-19 03:00:00,0.8752438119284088,22.847424877324567,64.63916402893047,7.757226741327754
2023-01-19 04:00:00,0.8610773250249382,26.505762586301454,77.5393117028066,4.377781291643448
2023-01-19 05:00:00,0.9210408822866506,28.24281321238165,78.82503058588524,4.568015729431077
2023-01-19 06:00:00,1.0,31.415325593471582,77.1315723916979,6.223838079460361
2023-01-19 07:00:00,0.8857291608950075,28.87448686821092,83.97224039103664,8.687760300464484
2023-01-19 08:00:00,0.825690892934305,29.638746837683183,73.02904280230737,3.509065957674183
2023-01-19 09:00:00,0.7902309717498517,28.680314663778248,74.15572334948594,3.8166140175216734
2023-01-19 10:00:00,0.8066564016894454,24.354254280078052,69.96285831996437,4.650567046455738
2023-01-19 11:00:00,0.843162755669387,22.365998703998134,69.44769571363804,3.436443155728946
2023-01-19 12:00:00,0.8289829510646752,18.603727818336417,62.69316769682247,5.616338241706925
2023-01-19 13:00:00,0.71802456927226,15.232155656545029,51.903651306773384,3.6855013233190648
2023-01-19 14:00:00,0.7362507401793841,15.284906283145466,48.914745414430335,6.778440273615102
2023-01-19 15:00:00,0.7193881296688005,13.978902495927224,43.94913979241229,6.489928891763722
2023-01-19 16:00:00,0.6474733700621534,11.640712108039704,37.533444593356876,0.915894735859542
2023-01-19 17:00:00,0.6407931443459409,7.638244262562011,38.91675215618516,3.0403059885237678
2023-01-19 18:00:00,0.6394422885174219,7.778867741301732,39.03101712032588,5.352728724820589
2023-01-19 19:00:00,0.8263231700937413,9.108257218437775,39.917043523093795,3.270630214165558
2023-01-19 20:00:00,0.7488340462851714,12.648293932255434,47.40365031662761,4.3723392191923836
2023-01-19 21:00:00,0.7208205734341446,14.595734820816004,50.96754936606996,8.663531078973037
2023-01-19 22:00:00,0.7940253625980576,16.217564515547593,44.34752476052268,3.99990050980053
2023-01-19 23:00:00,0.850542786439911,15.641735404388797,54.26799866144779,5.294467494900339
2023-01-20 00:00:00,0.8036758153010168,18.344868521505422,59.86779842565911,6.196583334212988
2023-01-20 01:00:00,0.8034930479141976,21.164895834917147,67.76675359464649,0.4617189001678428
2023-01-20 02:00:00,0.9173686083826113,25.066579094196207,83.56103122600949,6.685671568922584
2023-01-20 03:00:00,0.7439080348619658,27.26017196049552,71.96399227535146,7.792395045296917
2023-01-20 04:00:00,0.937766834945954,25.70265237474002,78.42491517219555,4.058098803924542
2023-01-20 05:00:00,0.91811911099198,29.757516823093088,80.87494845547066,5.001025506459718
2023-01-20 06:00:00,0.9081157747250617,33.364735371185105,74.12606635745496,5.536127262254406
2023-01-20 07:00:00,0.8951430108344358,28.83240580462043,85.36378995266843,1.8582150515921527
2023-01-20 08:00:00,0.9505320108500483,30.621640832963333,73.91745092550549,5.250539629158561
2023-01-20 09:00:00,0.8393538310355153,22.474605937297163,72.59582978177498,4.770756729505706
2023-01-20 10:00:00,0.8200333163564728,21.841058101845917,73.00952803507418,7.841599567258776
2023-01-20 11:00:00,0.8643948740030574,24.738881064894606,71.12196833264824,6.869098737508013
2023-01-20 12:00:00,0.8273668549326088,18.511431924707484,55.505159499911464,0.9596104276617456
2023-01-20 13:00:00,0.7751498266472188,16.193570625075054,53.679902139994326,3.390355166733462
2023-01-20 14:00:00,0.7270284539544842,16.44086522335126,50.205436885450126,4.391596939837029
2023-01-20 15:00:00,0.7569464727086964,8.762369392202636,36.285969849438644,5.607217191996417
2023-01-20 16:00:00,0.6799529117946469,11.49078640287759,41.4251945518661,9.732407876257268
2023-01-20 17:00:00,0.6716048617118717,13.563046651825807,47.06999206983561,7.782124753217509
2023-01-20 18:00:00,0.6767686077235412,8.369143150426735,41.39129540535778,8.57293030632366
2023-01-20 19:00:00,0.7972941922810591,12.886795448913528,38.334444873256125,4.538132166353246
2023-01-20 20:00:00,0.718644968827084,11.54192463263677,46.08065132046679,6.030620589376861
2023-01-20 21:00:00,0.7459995176179409,14.185239516881145,43.977125389993176,3.7697415904604243
2023-01-20 22:00:00,0.7113740467992896,14.06853769686534,48.44922637623489,2.286551286901996
2023-01-20 23:00:00,0.7916808669128964,17.76521504588647,47.19747223375886,6.686004144987361
2023-01-21 00:00:00,0.8386520572936899,22.616376560131503,49.49989703439497,4.1785440374182885
2023-01-21 01:00:00,0.8148231130362984,19.150203564496543,63.817968816327486,4.941513743431964
2023-01-21 02:00:00,0.8966971093039634,21.20418803400533,67.83766742739235,6.224735837200672
2023-01-21 03:00:00,0.9611508385470556,27.080732818997458,77.24862097837436,2.200398208029707
2023-01-21 04:00:00,0.9236446790831178,25.2249685852825,75.350416069073,6.069472611186965
2023-01-21 05:00:00,0.8505851152734835,26.197001676322564,74.69274245450423,3.3116875206288863
2023-01-21 06:00:00,0.8554646147256867,30.18347133334233,76.47802670909431,6.3563875758022395
2023-01-21 07:00:00,0.8604632697758119,32.25048012897432,88.05023877559043,8.330801068429963
2023-01-21 08:00:00,0.9545018197760253,29.21574606053128,77.55612342781214,5.2980184851452385
2023-01-21 09:00:00,0.8701140689255653,28.184149910217172,77.16617659699864,0.8527056615197495
2023-01-21 10:00:00,0.9369494956997227,24.15927813491132,72.44987006580081,3.9904690863580368
2023-01-21 11:00:00,0.9111247503927852,23.443642376432795,62.85952239756005,4.470316098663075
2023-01-21 12:00:00,0.7512740482081148,20.78445387722913,57.51264289528124,5.617184573049295
2023-01-21 13:00:00,0.722314751422197,16.05429422384293,61.74678072006965,4.055295656458167
2023-01-21 14:00:00,0.841011127891239,11.923880946597082,47.40669886707345,7.103735102018046
2023-01-21 15:00:00,0.6865958464525179,14.386506321134114,50.52556068727959,3.140772252016667
2023-01-21 16:00:00,0.7186308584664468,9.933682535409064,35.00875971475062,7.853642551183581
2023-01-21 17:00:00,0.6631022924095019,11.577146390019752,44.49940886536789,6.758603267265716
2023-01-21 18:00:00,0.701859041753268,12.156481188217384,38.58220631646695,1.023258195640727
2023-01-21 19:00:00,0.7486286904916667,12.095257388168378,39.277929995664984,3.115919069616915
2023-01-21 20:00:00,0.708305076036469,8.052099707329916,44.39349626678769,6.136209266168493
2023-01-21 21:00:00,0.7736902590761002,10.07984185857939,39.468650392724165,1.826172800532611
2023-01-21 22:00:00,0.7634615509660568,16.148465732868377,44.8326326788467,3.982634436659154
2023-01-21 23:00:00,0.8541267538407649,18.623843589897977,58.58975921014439,2.8053867778291544
2023-01-22 00:00:00,0.7788791861982187,18.793349524797122,57.22148849400124,0.9661414944048907
2023-01-22 01:00:00,0.7928994224932584,21.70946289331467,74.00109803522274,6.8374144920292235
2023-01-22 02:00:00,0.8748359392862246,23.881090711637448,65.21432622894537,5.330394169354444
2023-01-22 03:00:00,0.8365004873432277,27.224191921515082,72.12674261247967,5.960920724045771
2023-01-22 04:00:00,0.806693838716439,26.127327576143454,77.48166451539548,4.072545339184549
2023-01-22 05:00:00,0.8878478737960962,27.27559293715109,83.40301612967053,4.938427629115616
2023-01-22 06:00:00,0.8755422572201703,28.29304136346721,85.92622755609246,6.313648557651399
2023-01-22 07:00:00,0.8326393050939208,33.968621935368645,75.1364804077295,2.152829113573921
2023-01-22 08:00:00,0.9035072802228483,26.9980635004369,82.66237325164683,4.067042513352658
2023-01-22 09:00:00,0.8279401734629392,24.959360412104246,68.29006498691257,6.196525011764854
2023-01-22 10:00:00,0.8328981896743797,23.786678381000854,66.50103187507193,6.064826809643947
2023-01-22 11:00:00,0.8784402893799597,20.83344625022,62.67077857754965,4.607090224868869
2023-01-22 12:00:00,0.8179804711159955,17.86059178157744,50.65046643576193,8.02517109484936
2023-01-22 13:00:00,0.8158635406246363,15.34316927826366,48.31030785894461,4.821234804926519
2023-01-22 14:00:00,0.7490789994710154,17.590966242121436,47.01725723888871,4.87115831425987
2023-01-22 15:00:00,0.7422894497238448,11.140048590920946,49.14153701653907,2.216539965507836
2023-01-22 16:00:00,0.7253678700471247,10.309799734194232,43.494137652453645,6.692948692499206
2023-01-22 17:00:00,0.6044873261767065,9.311093002312859,41.50704840962187,2.2998052950565318
2023-01-22 18:00:00,0.6146809888720158,11.765384988356425,41.48752355019121,6.377693297320295
2023-01-22 19:00:00,0.7266059004472819,12.163053109513708,41.449171088454406,3.1457704768255867
2023-01-22 20:00:00,0.6395915717009365,9.326104968097326,42.68519639609389,6.239916605150525
2023-01-22 21:00:00,0.6102983665518641,13.537603769712632,43.07514872898288,2.496706854613135
2023-01-22 22:00:00,0.7496034584409657,14.419026634157934,53.12124561128033,1.9153609579069144
2023-01-22 23:00:00,0.8069456804140169,16.52534639036389,59.664558610227544,6.847547523766501
2023-01-23 00:00:00,0.7449295323871223,21.22764207699672,60.747983635778944,5.9568557347591895
2023-01-23 01:00:00,0.7351641063809485,20.519419901893208,64.05511033957251,3.408796765084784
2023-01-23 02:00:00,0.9534451699912198,24.48523167179507,61.214464687926984,9.187324822048431
2023-01-23 03:00:00,0.9598616440848212,27.7876416755672,64.56353718194232,3.2395850727247506
2023-01-23 04:00:00,0.8321804786531392,29.18957659581263,76.43423653604479,6.616754271994951
2023-01-23 05:00:00,0.7725286564522059,31.752782525888748,75.18492856329037,5.783704433143283
2023-01-23 06:00:00,0.8922430606331613,28.28621243268962,82.40072336997537,7.736530409392753
2023-01-23 07:00:00,0.9289610263944582,31.247646180481667,81.80335275536068,9.39841981739071
2023-01-23 08:00:00,0.8266755949560994,28.582264202680253,77.33752231729254,8.040839357966965
2023-01-23 09:00:00,0.8086936389876959,27.2715811843964,80.53466925690952,5.302125274438751
2023-01-23 10:00:00,0.9159315222575091,26.335640086952274,75.79651299369507,5.492786810609109
2023-01-23 11:00:00,0.8101499407870018,20.789862984106165,63.70290864271493,3.1401118658562783
2023-01-23 12:00:00,0.7095431661314072,20.960398793684003,66.21696049077944,4.206525085183755
2023-01-23 13:00:00,0.7960118850771825,18.252180414124165,54.33690950643546,5.48775378250155
2023-01-23 14:00:00,0.7065876107063365,13.954865382933603,52.621512462300075,5.887288116279876
2023-01-23 15:00:00,0.6997896846830665,12.068926005767459,49.54315508833971,3.808636959681772
2023-01-23 16:00:00,0.6507738804228137,8.674188203169582,36.08487788292069,3.787780296697965
2023-01-23 17:00:00,0.5819834191234843,8.76021585247264,48.24509377990296,6.371475757681199
2023-01-23 18:00:00,0.6798361843606625,10.596087560578935,45.44332669797001,5.574508274194815
2023-01-23 19:00:00,0.6734321552323906,13.221412204267113,35.68717236183363,6.739637068214415
2023-01-23 20:00:00,0.6997784867824662,14.446819490832413,34.25837219853829,7.230596190256875
2023-01-23 21:00:00,0.8001615817073064,12.423139909186302,46.70809098869163,3.083119273360074
2023-01-23 22:00:00,0.7986129118923543,12.034400757590703,51.0933867264369,8.282382990027836
2023-01-23 23:00:00,0.754135225539987,18.1009884900093,54.231574040281075,3.6067457134749983
2023-01-24 00:00:00,0.7463800266460682,22.091981136069734,60.23579479684781,2.3823876048114068
2023-01-24 01:00:00,0.9055960426258755,22.62132564347415,69.60236169612334,6.000622483558711
2023-01-24 02:00:00,0.765121231060784,22.971890392337116,75.82404626650103,3.0691102715456617
2023-01-24 03:00:00,0.8528301812708818,30.014330334303324,72.78671419429955,7.032154402695969
2023-01-24 04:00:00,0.7991602890782776,27.592953388474026,76.98045019553,1.8734568423796207
2023-01-24 05:00:00,0.9095345195296884,25.23235170222985,77.93444281369194,6.430659598673158
2023-01-24 06:00:00,0.9629932069360247,28.098083876589236,91.92575113189594,2.6948792617971655
2023-01-24 07:00:00,0.8231987702116905,28.44274032737101,77.3311612618304,4.725437033579923
2023-01-24 08:00:00,0.7768323433385664,29.907038086767788,74.37832960216917,3.6879764690597483
2023-01-24 09:00:00,0.8413235299672499,21.83043195276445,74.07402259138371,5.0311766310315225
2023-01-24 10:00:00,0.9200608872626631,19.741342100102074,63.9748499319231,4.297323465650067
2023-01-24 11:00:00,0.8873994363194658,24.66661985110604,71.04243862580006,4.953935847756458
2023-01-24 12:00:00,0.7385576500025101,21.569448962746755,56.28056127953873,3.1883774610901168
2023-01-24 13:00:00,0.8685957185692821,15.035108737225304,55.49111608286799,4.258305844761487
2023-01-24 14:00:00,0.6980410721036897,13.49092354147152,52.82271929085412,5.126301628984626
2023-01-24 15:00:00,0.755266853037553,11.732701765285608,44.651104282325846,2.555715638403147
2023-01-24 16:00:00,0.6980013165785696,11.772513604147926,43.6649397681443,5.0755974449370775
2023-01-24 17:00:00,0.7058005829653831,7.86051106128069,41.18872664041571,4.250901426503047
2023-01-24 18:00:00,0.7730880145598134,9.971622116434089,35.11896061263727,1.4985281938551536
2023-01-24 19:00:00,0.6550216488026707,12.704834440256981,47.77688470535237,6.4013243959264665
2023-01-24 20:00:00,0.7602734642533628,9.896714780964937,40.83515070402795,4.481447847433096
2023-01-24 21:00:00,0.7286467111093157,11.805983178986496,49.167534316651135,5.579854221949075
2023-01-24 22:00:00,0.7538850768596163,14.368995244416528,52.41036226635885,1.1881307007462345
2023-01-24 23:00:00,0.7060615293947249,15.027636626772987,60.23189065483041,4.376360856951607
2023-01-25 00:00:00,0.6729964855547268,22.950820294004277,64.92259188723511,4.564544761356352
2023-01-25 01:00:00,0.8007721236917313,22.060222398117222,66.88209015834933,4.64551630262782
2023-01-25 02:00:00,0.8784636045910157,24.147732489780697,67.54732929172259,10.041061700931422
2023-01-25 03:00:00,0.8614456235426874,25.11662733157409,79.08344491232842,6.776381975342414
2023-01-25 04:00:00,0.8204277765897423,26.8467003327139,78.55058668967118,3.729170697180546
2023-01-25 05:00:00,0.8518508123643103,31.556953393242985,81.97833429854808,6.416572775589392
2023-01-25 06:00:00,0.8593390728993866,28.354051212463443,83.99556338888966,4.023259915718085
2023-01-25 07:00:00,0.8539762005783107,26.638871943444144,87.79187552560765,5.021840457664194
2023-01-25 08:00:00,0.9402092548643743,29.746837990352848,78.49286196103188,6.516212396462689
2023-01-25 09:00:00,0.9247750953048514,28.225392007505004,66.85407522824589,3.279311342168789
2023-01-25 10:00:00,0.8614728201566779,29.29853765406358,71.05639431171659,3.593539339114836
2023-01-25 11:00:00,0.8251174880589335,25.678248348441766,55.20840052427839,5.02201503048065
2023-01-25 12:00:00,0.779271307795134,20.82184092146646,59.13152662425647,6.831857626407163
2023-01-25 13:00:00,0.7114778774738864,16.88142584231021,52.71588023039024,5.980998199055137
2023-01-25 14:00:00,0.7935009295135879,15.545126806146286,46.090798848524884,6.983276133187125
2023-01-25 15:00:00,0.738235714805935,13.184466770374362,33.33065186829026,1.8188779062880478
2023-01-25 16:00:00,0.68050172185083,9.881115301101648,40.00664388754227,4.5636474324749505
2023-01-25 17:00:00,0.8208473380578185,12.22827846026222,41.52408278013744,5.296743607785795
2023-01-25 18:00:00,0.7550744674151285,14.955355200968448,43.65360908715408,4.503507618879772
2023-01-25 19:00:00,0.7563416662859546,9.412010376231018,33.85850695267507,6.437352217736219
2023-01-25 20:00:00,0.7446895938917011,12.262818436583004,53.19178508593923,5.9081199528400425
2023-01-25 21:00:00,0.7631337306872463,12.561899514997888,50.36623179534177,5.22144000512766
2023-01-25 22:00:00,0.64247077920795,16.026983578842152,49.611449011488105,4.035879005184407
2023-01-25 23:00:00,0.7758115368192133,18.47773875533029,47.032116569357804,2.005424768358928
2023-01-26 00:00:00,0.7934023414008494,18.71031299304666,61.07572123825344,6.836751515672761
2023-01-26 01:00:00,0.8349012515309147,22.569565639720153,70.22459586412991,5.161034082134794
2023-01-26 02:00:00,0.9651094105422722,24.23294336597549,70.23244987813392,3.7062177071536677
2023-01-26 03:00:00,0.8708217583000459,29.054065914220065,72.05632817477044,1.9822218288582873
2023-01-26 04:00:00,0.8162287684215233,26.263988083393272,74.14582994491546,1.5549878820034513
2023-01-26 05:00:00,0.8768185544019764,29.187993322940603,83.20272421731302,3.73151171265244
2023-01-26 06:00:00,0.8422817714757965,30.630837848050792,85.75900228200325,5.095159067842594
2023-01-26 07:00:00,0.8826061594619349,29.111950129314376,85.93807069335708,4.024759453533557
2023-01-26 08:00:00,0.9399981894657361,28.53406905322032,79.44651069447146,9.64291533456133
2023-01-26 09:00:00,0.8941672028022418,26.667243852491175,78.58284865794123,5.809564160151012
2023-01-26 10:00:00,0.8998611435549747,26.733186872948608,72.9725901187318,6.266534667716003
2023-01-26 11:00:00,0.9117109651283022,20.135736792638895,61.42293154524222,5.413960664162265
2023-01-26 12:00:00,0.7350946428638025,19.20852447749726,72.5311899857054,6.773302956874244
2023-01-26 13:00:00,0.7726957356244828,15.993585747752507,55.34494976099812,9.049966699037133
2023-01-26 14:00:00,0.8119663217219597,18.451881713966685,40.47330804110186,2.1376694095576196
2023-01-26 15:00:00,0.6627200741290857,11.760588584793403,47.6025194718835,2.322596352132902
2023-01-26 16:00:00,0.6970036405959312,7.8619684356485005,41.37589206140689,4.223502929727491
2023-01-26 17:00:00,0.697841769498114,11.231278034178668,36.19818188442474,7.835468870443334
2023-01-26 18:00:00,0.718843758528142,7.585975680651819,45.914102931973616,2.124836764670344
2023-01-26 19:00:00,0.7002023578305888,11.493423502692275,50.69450502668853,8.10766170692435
2023-01-26 20:00:00,0.7339518756890265,11.95659272852597,40.32325411151703,3.3695215137092775
2023-01-26 21:00:00,0.6655034238115021,13.448490940581939,47.101272301706956,6.174864191996143
2023-01-26 22:00:00,0.7871144202951172,9.772462759990084,51.12888106628391,7.625774355540107
2023-01-26 23:00:00,0.756972092758006,17.080038932375487,58.70426166018794,5.075831596696619
2023-01-27 00:00:00,0.8418128938659197,23.550713341550647,53.15449102529695,5.20704374784775
2023-01-27 01:00:00,0.785501920546331,19.57358928321619,77.33406363535933,2.258963222598291
2023-01-27 02:00:00,0.8881751596325953,27.678211996810482,66.25805391756107,2.8791682941917083
2023-01-27 03:00:00,0.9055442144036643,29.57880180720265,76.51334813295284,2.3834999191229325
2023-01-27 04:00:00,0.8949117464945675,27.260914386446558,85.49463741654357,1.5247602388318016
2023-01-27 05:00:00,0.9272222033128987,27.581269073721675,79.79801092293262,3.446347143850918
2023-01-27 06:00:00,0.886956706344882,27.562749678301373,86.94414237394204,2.4899657177434165
2023-01-27 07:00:00,0.8787219480778147,32.51852413790979,81.1327828144617,5.221008426032509
2023-01-27 08:00:00,0.8719625798226952,31.025946351773612,77.94630269161327,6.816757447381842
2023-01-27 09:00:00,0.8692867699808338,25.87120975660844,74.8932731081505,6.510805757624434
2023-01-27 10:00:00,0.9233557318888362,27.79672696479267,71.14903525590472,5.745802555029312
2023-01-27 11:00:00,0.9659354387249702,21.66598910411132,68.58670382393655,4.129723545185282
2023-01-27 12:00:00,0.7980235323560857,21.42763395918709,60.99286667457328,4.751767071729736
2023-01-27 13:00:00,0.8268090491654592,16.7037795623603,55.63528613768308,4.756244041881113
2023-01-27 14:00:00,0.7531018107884593,18.095627545689027,51.1130195216022,5.334814327215053
2023-01-27 15:00:00,0.7166651622846045,15.31484533640474,44.779521452708714,6.301778390917287
2023-01-27 16:00:00,0.7140861745853412,10.187847083711343,36.17484819202338,4.160799163141163
2023-01-27 17:00:00,0.7320483401883905,11.000572284779492,38.836200607103684,4.303858228219572
2023-01-27 18:00:00,0.7419684474489848,8.85195289293087,35.80394520132941,8.732604882122095
2023-01-27 19:00:00,0.6752653914963562,12.003230438260747,45.25292412478636,3.7187902553973053
2023-01-27 20:00:00,0.6847470887768518,12.50511284655223,42.79423486430911,4.520243044206223
2023-01-27 21:00:00,0.6533345134226776,8.284836084561535,48.28811544388842,2.6029003481247472
2023-01-27 22:00:00,0.7518164526776211,15.993555969941873,56.432398650135006,2.3641922084630504
2023-01-27 23:00:00,0.7841834443282059,17.459880273250125,60.16780237248398,5.221421836733845
2023-01-28 00:00:00,0.8360057988622979,19.346022677092748,59.246719145667626,3.7488121828317587
2023-01-28 01:00:00,0.8258606841800874,25.82670703872321,62.5219871994762,3.7893628379223383
2023-01-28 02:00:00,0.8675267406761217,27.77516788008672,71.89357467804626,5.2432326421534485
2023-01-28 03:00:00,0.8918631667881163,24.467925741916645,69.49231377479575,6.580076965819284
2023-01-28 04:00:00,0.8307248816717792,29.17516212755334,65.81349935836778,6.892737104066865
2023-01-28 05:00:00,0.8332635897563693,29.05134406757661,70.93366197955051,3.7259089062382342
2023-01-28 06:00:00,0.9486340225533006,29.81661678803349,83.10683752996717,5.436070133704463
2023-01-28 07:00:00,0.8560401686709675,28.611923369223735,64.55496172158846,6.113943969744859
2023-01-28 08:00:00,0.8628760505150731,31.24885548095302,74.15252872096409,5.918345275096593
2023-01-28 09:00:00,0.877006592672652,28.251827791612683,66.16435642787603,2.5040742558454174
2023-01-28 10:00:00,0.8932404292669079,21.387047403078242,69.33604666092235,4.003810243216231
2023-01-28 11:00:00,0.8470517274520758,17.275108751796097,59.94887179112986,5.476106521617972
2023-01-28 12:00:00,0.7543579370476287,19.29761945790402,61.337895556086806,9.622810248300603
2023-01-28 13:00:00,0.7679189893542149,20.53519919588421,63.224788881067,5.388260944413675
2023-01-28 14:00:00,0.7083325221422059,14.067164903883477,49.37127865774387,4.793465916467617
2023-01-28 15:00:00,0.729994013164579,14.082040386420921,50.267634681070035,6.265738261253686
2023-01-28 16:00:00,0.6468787335708968,12.585485819099942,38.22753849154105,7.020591912039647
2023-01-28 17:00:00,0.6615156214625516,12.281092375492767,38.598520401055026,3.1400908474639047
2023-01-28 18:00:00,0.6686216496825288,9.083556072549127,44.406895187403926,5.203552045116654
2023-01-28 19:00:00,0.7337245479755815,8.966075065076375,35.235891388141056,4.605919217450614
2023-01-28 20:00:00,0.7245720429494071,6.135095677976428,30.47889970080128,3.1404827315297887
2023-01-28 21:00:00,0.7154053935542812,12.522411637724606,38.901848638603894,8.21728984280917
2023-01-28 22:00:00,0.7702048855479474,14.26639161629968,52.63962421528652,2.531967645464437
2023-01-28 23:00:00,0.7571847186369792,17.801538811897053,61.937976703834764,1.5511324262787332
2023-01-29 00:00:00,0.7703344021362395,17.73357825060453,60.923187300449385,3.4040667576505923
2023-01-29 01:00:00,0.8560779664569794,25.021477974164064,64.63285211867239,5.6359554700313375
2023-01-29 02:00:00,0.8836288193644317,24.12159931521788,57.010402736986904,5.809664856399667
2023-01-29 03:00:00,0.908220605682991,29.224283569346632,69.33234026402347,8.122277353546181
2023-01-29 04:00:00,0.965922377260492,28.58275608581911,70.61041447656469,2.5589316271369853
2023-01-29 05:00:00,0.9388316095018996,29.806944612940846,79.44164042128175,5.92556599702108
2023-01-29 06:00:00,0.9270938639991778,28.971256126271584,75.18500912861784,4.868195441885423
2023-01-29 07:00:00,0.8515647782827894,30.076249253114756,76.7488086335149,2.870159604860284
2023-01-29 08:00:00,0.8724042851176104,30.725717744877073,78.61578870198697,3.0108730113276514
2023-01-29 09:00:00,0.8050044312299709,28.594355338129652,74.55537451700529,2.657054864100917
2023-01-29 10:00:00,0.8237099008881573,23.641631489575754,64.40419773589026,5.761525387682033
2023-01-29 11:00:00,0.8660551841848227,25.590266678121736,59.4973974619551,4.523796167949557
2023-01-29 12:00:00,0.6808894842183757,16.13460321555053,71.04905085045182,4.492256745863357
2023-01-29 13:00:00,0.8424911727510533,18.770186890827127,56.4301386629469,6.044398221863645
2023-01-29 14:00:00,0.7979062658324211,14.364341996872952,54.061018142342746,4.205097905686789
2023-01-29 15:00:00,0.6883280015711464,15.083191084179003,52.38503153694663,5.990578907065096
2023-01-29 16:00:00,0.7985378680236376,11.918006017607059,44.095295523095466,4.356348465131017
2023-01-29 17:00:00,0.7588545572374281,9.521183254113954,32.84212365429045,5.430290759876124
2023-01-29 18:00:00,0.7565240700815841,12.158496543213086,35.004385807890955,5.873721210271948
2023-01-29 19:00:00,0.6839806742635564,11.901099813037309,35.960292479815585,4.528294556062878
2023-01-29 20:00:00,0.6714180460743476,9.56161109075016,41.603087893761746,7.9953480712744955
2023-01-29 21:00:00,0.7285894792360873,15.017300754428426,40.242395817430406,3.686210936869655
2023-01-29 22:00:00,0.7303260367795863,16.949758328816362,53.06253497634914,5.060061538870955
2023-01-29 23:00:00,0.8388059475754173,17.30443824145354,50.75386501040143,3.208961305749627
2023-01-30 00:00:00,0.8134478624291821,22.477835333639533,62.14657142904696,3.6450254290682356
2023-01-30 01:00:00,0.7548727965796949,23.07984150040452,66.80410990557927,7.363575946696607
2023-01-30 02:00:00,0.7907165166810363,26.311046310277025,70.5324489783093,4.387806789766462
2023-01-30 03:00:00,0.9263234163204443,28.623419931121827,72.953685909617,7.0190492120759655
2023-01-30 04:00:00,0.8901377061304523,32.21602528253062,69.40603074103802,3.544187902965337
2023-01-30 05:00:00,0.9269899792287776,29.09018086157028,82.48886039186034,1.1229919084320388
2023-01-30 06:00:00,0.9475277674923945,31.712618499222646,81.13786851590086,4.986868615949148
2023-01-30 07:00:00,0.9276646020580793,29.430493852619904,86.57902817424784,0.7268405283315564
2023-01-30 08:00:00,0.9255044640575814,30.80417503971042,78.17701684193943,4.662740181058982
2023-01-30 09:00:00,0.821923038714213,25.9030437099373,76.8042586984423,4.624306858470585
2023-01-30 10:00:00,0.8634871707477162,24.525097498849686,65.73068714363566,4.222307858619901
2023-01-30 11:00:00,0.8478474724901387,22.355285473086457,58.972584230205186,7.359813506132753
2023-01-30 12:00:00,0.8648362168363548,19.248254330134063,55.892199498830365,8.108268131499665
2023-01-30 13:00:00,0.7699508487526939,20.13524236135893,56.539645754110474,4.335186445115603
2023-01-30 14:00:00,0.7642112158678002,15.435375953795953,44.79932895527701,3.7010944389492506
2023-01-30 15:00:00,0.781513117066841,11.635643016356575,41.25883218102258,5.702920557272284
2023-01-30 16:00:00,0.6767627953157652,16.60425213251783,45.94573288575942,9.001495957298495
2023-01-30 17:00:00,0.7162819374067873,8.42529304350308,39.26312584225367,2.3923986685865932
2023-01-30 18:00:00,0.7142225445336888,11.79076700118941,31.65307788772131,6.234178664044425
2023-01-30 19:00:00,0.7263017326445355,11.669072079381568,43.37807666713671,10.438915174697705
2023-01-30 20:00:00,0.7143663591714555,12.323155850658708,49.16903113130639,11.09748689004703
2023-01-30 21:00:00,0.7692967452738821,13.856240037611467,47.54025485580834,7.365055334464252
2023-01-30 22:00:00,0.7163242610328652,17.608262647540922,42.36193140715648,3.1512712443497257
2023-01-30 23:00:00,0.7307586099617754,16.28450938604785,60.315927663530964,5.9021831655086245
2023-01-31 00:00:00,0.8332946594376235,19.059768975530616,54.25873879010636,5.664358436109869
